patientID,a,b
丙,19.4178017019291,11.7647515375861
乙,20.6455282417045,9.8751247092779
几,20.9142855294716,9.30272166150938
庚,19.3824700316508,9.94844383001084
丁,17.9752800963886,11.5143457855405
甲,19.1253076807689,12.2241549009928
戊,20.0714514547125,9.83602061540939
