patientID,d,e
丙,2.51298945603886,2.36573423859014
乙,1.10810726372641,1.86283141823384
甲,1.57868284171248,3.35899842326101
戊,0.447749927526961,0.198503560201683
