patientID,f,g
乙,0.290208285030144,1.27852731781536
几,1.69387831000421,1.80430041402477
庚,0.378951092086092,2.62862854541157
丁,1.64185636165557,0.51186461829254
